--
-- Script was generated by Devart dbForge Studio for MySQL, Version 8.0.40.0
-- Product home page: http://www.devart.com/dbforge/mysql/studio
-- Script date 1/4/2019 9:04:25 AM
-- Server version: 5.5.5-10.1.37-MariaDB
-- Client version: 4.1
--

-- 
-- Disable foreign keys
-- 
/*!40014 SET @OLD_FOREIGN_KEY_CHECKS=@@FOREIGN_KEY_CHECKS, FOREIGN_KEY_CHECKS=0 */;

-- 
-- Set SQL mode
-- 
/*!40101 SET @OLD_SQL_MODE=@@SQL_MODE, SQL_MODE='NO_AUTO_VALUE_ON_ZERO' */;

-- 
-- Set character set the client will use to send SQL statements to the server
--
SET NAMES 'utf8';

DROP DATABASE IF EXISTS db_nhaconline;

CREATE DATABASE IF NOT EXISTS db_nhaconline
CHARACTER SET utf8mb4
COLLATE utf8mb4_unicode_ci;

--
-- Set default database
--
USE db_nhaconline;

--
-- Create table `user`
--
CREATE TABLE IF NOT EXISTS user (
  id int(255) NOT NULL AUTO_INCREMENT,
  userName varchar(100) NOT NULL,
  passWord varchar(100) NOT NULL,
  hoten varchar(200) DEFAULT NULL,
  gioitinh varchar(100) DEFAULT NULL,
  ngaysinh varchar(100) DEFAULT NULL,
  diachi varchar(100) DEFAULT NULL,
  sdt varchar(20) DEFAULT NULL,
  email varchar(100) NOT NULL,
  level int(1) NOT NULL DEFAULT 0,
  code varchar(100) NOT NULL,
  active int(1) DEFAULT NULL,
  avatar varchar(100) NOT NULL DEFAULT 'image/avatar.png',
  ngaydangky datetime NOT NULL DEFAULT CURRENT_TIMESTAMP,
  PRIMARY KEY (id)
)
ENGINE = INNODB,
AUTO_INCREMENT = 4,
AVG_ROW_LENGTH = 8192,
CHARACTER SET utf8mb4,
COLLATE utf8mb4_unicode_ci;

--
-- Create table `baihat`
--
CREATE TABLE IF NOT EXISTS baihat (
  id int(100) NOT NULL AUTO_INCREMENT,
  tenbaihat varchar(100) NOT NULL,
  path varchar(100) NOT NULL,
  image varchar(100) NOT NULL,
  luotnghe int(100) NOT NULL,
  likes int(100) NOT NULL DEFAULT 0,
  idalbum int(10) NOT NULL,
  idcasi int(10) NOT NULL,
  idchude int(10) NOT NULL,
  ngaydang datetime NOT NULL DEFAULT CURRENT_TIMESTAMP,
  PRIMARY KEY (id)
)
ENGINE = INNODB,
AUTO_INCREMENT = 29,
AVG_ROW_LENGTH = 744,
CHARACTER SET utf8mb4,
COLLATE utf8mb4_unicode_ci;

--
-- Create index `idalbum` on table `baihat`
--
ALTER TABLE baihat
ADD INDEX idalbum (idalbum);

--
-- Create index `idcasi` on table `baihat`
--
ALTER TABLE baihat
ADD INDEX idcasi (idcasi);

--
-- Create index `idchude` on table `baihat`
--
ALTER TABLE baihat
ADD INDEX idchude (idchude);

--
-- Create table `likes`
--
CREATE TABLE IF NOT EXISTS likes (
  id int(100) NOT NULL AUTO_INCREMENT,
  iduser int(100) NOT NULL,
  idbaihat int(100) NOT NULL,
  PRIMARY KEY (id)
)
ENGINE = INNODB,
AUTO_INCREMENT = 51,
AVG_ROW_LENGTH = 1024,
CHARACTER SET utf8mb4,
COLLATE utf8mb4_unicode_ci;

--
-- Create foreign key
--
ALTER TABLE likes
ADD CONSTRAINT likes_ibfk_1 FOREIGN KEY (iduser)
REFERENCES user (id) ON DELETE CASCADE;

--
-- Create foreign key
--
ALTER TABLE likes
ADD CONSTRAINT likes_ibfk_2 FOREIGN KEY (idbaihat)
REFERENCES baihat (id) ON DELETE CASCADE;

--
-- Create table `comment`
--
CREATE TABLE IF NOT EXISTS comment (
  id int(100) NOT NULL AUTO_INCREMENT,
  noidung text DEFAULT NULL,
  thoigian datetime NOT NULL DEFAULT CURRENT_TIMESTAMP,
  duyet int(1) NOT NULL DEFAULT 0,
  iduser int(100) NOT NULL,
  idbaihat int(100) NOT NULL,
  PRIMARY KEY (id)
)
ENGINE = INNODB,
AUTO_INCREMENT = 45,
AVG_ROW_LENGTH = 4096,
CHARACTER SET utf8mb4,
COLLATE utf8mb4_unicode_ci;

--
-- Create foreign key
--
ALTER TABLE comment
ADD CONSTRAINT comment_ibfk_1 FOREIGN KEY (iduser)
REFERENCES user (id) ON DELETE CASCADE;

--
-- Create foreign key
--
ALTER TABLE comment
ADD CONSTRAINT comment_ibfk_2 FOREIGN KEY (idbaihat)
REFERENCES baihat (id) ON DELETE CASCADE;

--
-- Create table `album`
--
CREATE TABLE IF NOT EXISTS album (
  id int(100) NOT NULL AUTO_INCREMENT,
  tenalbum varchar(100) NOT NULL,
  image varchar(100) NOT NULL,
  PRIMARY KEY (id)
)
ENGINE = INNODB,
AUTO_INCREMENT = 18,
AVG_ROW_LENGTH = 2730,
CHARACTER SET utf8mb4,
COLLATE utf8mb4_unicode_ci;

--
-- Create table `chude`
--
CREATE TABLE IF NOT EXISTS chude (
  id int(100) NOT NULL AUTO_INCREMENT,
  tenchude varchar(100) NOT NULL,
  image varchar(100) NOT NULL,
  PRIMARY KEY (id)
)
ENGINE = INNODB,
AUTO_INCREMENT = 20,
AVG_ROW_LENGTH = 3276,
CHARACTER SET utf8mb4,
COLLATE utf8mb4_unicode_ci;

--
-- Create table `casi`
--
CREATE TABLE IF NOT EXISTS casi (
  id int(100) NOT NULL AUTO_INCREMENT,
  tencasi varchar(100) NOT NULL,
  image varchar(100) NOT NULL,
  tieusu text DEFAULT NULL,
  PRIMARY KEY (id)
)
ENGINE = INNODB,
AUTO_INCREMENT = 19,
AVG_ROW_LENGTH = 3276,
CHARACTER SET utf8mb4,
COLLATE utf8mb4_unicode_ci;

--
-- Create view `v_baihat`
--
CREATE
DEFINER = 'root'@'localhost'
VIEW IF NOT EXISTS v_baihat
AS
SELECT
  `bh`.`id` AS `id`,
  `bh`.`tenbaihat` AS `tenbaihat`,
  `bh`.`path` AS `path`,
  `bh`.`image` AS `image`,
  `bh`.`luotnghe` AS `luotnghe`,
  `bh`.`likes` AS `likes`,
  `cs`.`tencasi` AS `tencasi`,
  `ab`.`tenalbum` AS `tenalbum`,
  `cd`.`tenchude` AS `tenchude`,
  `bh`.`ngaydang` AS `ngaydang`,
  `bh`.`idchude` AS `idchude`,
  `bh`.`idcasi` AS `idcasi`,
  `bh`.`idalbum` AS `idalbum`
FROM (((`baihat` `bh`
  JOIN `casi` `cs`
    ON ((`bh`.`idcasi` = `cs`.`id`)))
  JOIN `chude` `cd`
    ON ((`bh`.`idchude` = `cd`.`id`)))
  JOIN `album` `ab`
    ON ((`bh`.`idalbum` = `ab`.`id`)));

--
-- Create table `carousel`
--
CREATE TABLE IF NOT EXISTS carousel (
  id int(100) NOT NULL AUTO_INCREMENT,
  ten varchar(100) DEFAULT NULL,
  image varchar(100) DEFAULT NULL,
  PRIMARY KEY (id)
)
ENGINE = INNODB,
AUTO_INCREMENT = 8,
AVG_ROW_LENGTH = 4096,
CHARACTER SET utf8mb4,
COLLATE utf8mb4_unicode_ci;

-- 
-- Dumping data for table user
--
INSERT INTO user VALUES
(1, 'toan', '$2y$12$4615a4e890537f69040a2u5fKjMo8i8YbVOCVb5Ibn/YHbP.GjaFW', 'Đặng Văn Toản', '0', '1998-08-01', 'KTX Thuỷ Lợi', '0329174333', 'bolobalabolobala12345@gmail.com', 0, '825c2c1922d3af9466b6942e904aa667', 1, 'image/logobk.png', '2018-12-29 17:22:26'),
(2, 'admin', '$2y$12$5673ccf9899bc4f0405a8uw8fXJnQAnfdD8wBB.MWHnFQjZAw8S32', 'ADMIN', '0', '1111-11-11', 'None', '0', 'toandv62@gmail.com', 2, '', 1, 'image/avatar.png', '2018-12-29 17:30:29'),
(3, 'hao', '$2y$12$eb67f22f7d22b43ddb432e/mJG6waZsqURjrX84Igk2V3BPP0whXC', 'Hoàng Văn hào', '0', '1997-12-12', 'KTX Thuỷ Lợi', '0392092333', 'haohv62@wru.vn', 2, 'ca6dcc728b82390fb16264c2cf1d3734', 1, 'image/avatar.png', '2018-12-28 03:16:59');

-- 
-- Dumping data for table baihat
--
INSERT INTO baihat VALUES
(7, 'Hongkong1', 'nhac/hongkong1.mp3', 'image/anh16.jpg', 784, 1, 2, 2, 3, '2018-12-29 18:58:57'),
(8, 'Thằng điên', 'nhac/hongkong1.mp3', 'image/23222192.jpg', 85, 2, 2, 2, 3, '2018-12-31 02:56:30'),
(9, 'Bé lên ba', 'nhac/hongkong1.mp3', 'image/23222192.jpg', 76, 1, 2, 2, 3, '2018-12-31 17:09:49'),
(10, 'Thu cuối', 'nhac/hongkong1.mp3', 'image/22247057.jpg', 7, 1, 2, 2, 3, '2018-12-31 17:10:17'),
(11, 'Lạc trôi', 'nhac/hongkong1.mp3', 'image/22247057.jpg', 25, 1, 2, 2, 3, '2018-12-31 17:11:03'),
(12, 'Rực Rỡ Tháng Năm', 'nhac/hongkong1.mp3', 'image/166.jpg', 0, 0, 2, 6, 7, '2019-01-01 17:04:23'),
(13, 'Buông Đôi Tay Nhau Ra', 'nhac/hongkong1.mp3', 'image/23310335.jpg', 3, 1, 5, 3, 3, '2019-01-01 17:22:13'),
(14, 'Âm Thầm Bên Em', 'nhac/hongkong1.mp3', 'image/23257481.jpg', 0, 0, 5, 3, 3, '2019-01-01 17:22:54'),
(15, 'Chắc Ai Đó Sẽ Về', 'nhac/hongkong1.mp3', 'image/23257481.jpg', 0, 2, 5, 2, 3, '2019-01-01 17:23:38'),
(16, 'Dưới Những Cơn Mưa', 'nhac/hongkong1.mp3', 'image/140354.jpg', 0, 0, 6, 4, 3, '2019-01-01 17:26:22'),
(17, 'Tình Yêu Chắp Vá', 'nhac/hongkong1.mp3', 'image/140354.jpg', 2, 1, 6, 4, 3, '2019-01-01 17:26:48'),
(18, 'Vô Hình Trong Tim Em', 'nhac/hongkong1.mp3', 'image/140354.jpg', 0, 0, 5, 4, 3, '2019-01-01 17:29:48'),
(19, 'Mãi Mãi Bên Nhau', 'nhac/hongkong1.mp3', 'image/167.jpg', 0, 2, 5, 2, 3, '2019-01-01 17:33:14'),
(20, 'Firework', 'nhac/hongkong1.mp3', 'image/19969907.jpg', 0, 1, 3, 5, 7, '2019-01-01 17:35:24'),
(21, '  Take Me Away', 'nhac/hongkong1.mp3', 'image/19884928.jpg', 0, 0, 4, 2, 7, '2019-01-01 17:37:59'),
(22, 'Việt Nam, Đi, Hôn Và Yêu', 'nhac/hongkong1.mp3', 'image/166.jpg', 0, 0, 4, 6, 7, '2019-01-01 17:39:58'),
(23, 'Em (Rap Version)', 'nhac/hongkong1.mp3', 'image/20235022.jpg', 0, 0, 5, 5, 6, '2019-01-01 17:41:30'),
(24, 'Ta Đã Yêu Chưa Vậy', 'nhac/hongkong1.mp3', 'image/22334189.jpg', 0, 0, 5, 5, 6, '2019-01-01 17:42:44'),
(25, 'Quán Cà Phê Ký Ức', 'nhac/hongkong1.mp3', 'image/23639501.jpg', 2, 1, 2, 6, 4, '2019-01-01 17:45:35'),
(26, 'Cà Phê Đắng Vị Cô Đơn', 'nhac/hongkong1.mp3', 'image/20673871.jpg', 0, 0, 4, 2, 4, '2019-01-01 17:46:30'),
(27, 'Taki Taki', 'nhac/hongkong1.mp3', 'image/12693.jpg', 1, 1, 3, 7, 5, '2019-01-01 17:49:49'),
(28, 'Mad Love (Single)', 'nhac/hongkong1.mp3', 'image/23745473.jpg', 5, 1, 7, 7, 5, '2019-01-01 17:50:36');

-- 
-- Dumping data for table likes
--
INSERT INTO likes VALUES
(8, 1, 27),
(9, 1, 11),
(10, 2, 9),
(12, 2, 13),
(17, 1, 25),
(18, 1, 8),
(22, 1, 17),
(23, 1, 20),
(25, 2, 15),
(26, 2, 19),
(40, 1, 28),
(41, 1, 7),
(45, 1, 19),
(46, 1, 10),
(47, 1, 15),
(50, 2, 8);

-- 
-- Dumping data for table comment
--
INSERT INTO comment VALUES
(12, 'Bài hát hay vcc', '2018-12-30 22:42:11', 1, 1, 7),
(22, 'Hát hay vcl', '2018-12-31 00:29:15', 1, 2, 7),
(26, 'Bài hát quá bình thường, tao cũng hát được.', '2018-12-31 16:47:57', 1, 2, 7),
(43, 'Hay', '2019-01-01 00:39:33', 1, 2, 8),
(44, 'Thêm bình luận mới', '2019-01-03 19:54:25', 0, 1, 10);

-- 
-- Dumping data for table chude
--
INSERT INTO chude VALUES
(3, 'Nhạc Trẻ', 'image/23222192.jpg'),
(4, 'Cà phê', 'image/21309893.jpg'),
(5, 'EDM', 'image/19975520.jpg'),
(6, 'Rap', 'image/22334189.jpg'),
(7, 'Thư giãn', 'image/19969907.jpg'),
(8, 'Tổng hợp', 'image/281235.jpg'),
(9, 'Love Song', 'image/a3.jpg'),
(10, 'Nhạc Phim Tuyển Chọn', 'image/anh153.jpg'),
(11, 'Cafe Thứ 7', 'image/anh209.jpg'),
(12, 'Sad Song For Heartbreaker', 'image/anh248.jpg'),
(13, 'Hát Về Hà Nội', 'image/anh234.jpg'),
(14, 'Thứ 2 Âm Nhạc', 'image/anh260.jpg'),
(16, 'Mình Đi Em Nhé', 'image/8.jpg'),
(17, 'Hát Về Biển Đảo', 'image/anh22.jpg'),
(18, 'Nhạc Phim Anime', 'image/anh241.jpg'),
(19, 'Tuyển Tập Underground', 'image/anh172.jpg');

-- 
-- Dumping data for table casi
--
INSERT INTO casi VALUES
(2, 'Noo Phước Thịnh', 'image/167.jpg', 'Tên thật: Nguyễn Phước Thịnh<br>\r\nNghệ danh: Noo Phước Thịnh<br>\r\nNickname: Noo<br>\r\nNgày sinh: 18/12/1988<br>\r\nQuê quán: Sài Gòn<br>\r\nQuốc gia: Việt Nam<br>\r\nGiải thưởng:<br>\r\nNoo Phước Thịnh là quán quân của chương trình The Remix (Hòa âm ánh sáng) mùa thứ 2 (2016).<br>\r\nThông tin thêm:<br>\r\nTrước khi trở thành ca sỹ, Noo Phước Thịnh (Noo) là một người mẫu sở hữu khuôn mặt điển trai, nụ cười tươi tắn và tính cách thân thiện dễ gần,được giới teen yêu thích với mật độ xuất hiện nhiều trên các trang báo học đường. <br>\r\nNhưng thật bất ngờ, ngay cả với Noo cũng không nghĩ là một ngày nào đó mình sẽ trở thành ca sỹ, thật tình cờ khi anh được người quản lý hiện tại là Tuấn Khanh phát hiện ra giọng hát của mình trong một show quảng cáo khi vô tình nghe Noo hát, anh nhận thấy rằng Noo rất có năng khiếu và có triển vọng trở thành ca sỹ. <br>\r\nChính cuộc gặp gỡ này đã đưa Noo bắt đầu bước chân vào lĩnh vực ca hát.Noo, mặc dù rất yêu nhạc Trịnh nhưng anh lại hướng đến dòng nhạc trẻ dành cho giới teen, đó chính là cách để Noo đến được với khán giả nhanh nhất và thực tế chứng minh anh đã lựa chọn đúng và điều đó được khẳng định bằng những ca khúc được giới trẻ ưa chuộng'),
(3, 'Sơn Tùng M-TP', 'image/a2578edbc.jpg', 'Tên thật: Nguyễn Thanh Tùng<br>\r\nNghệ danh: Sơn Tùng M-TP<br>\r\nNgày sinh: 05-07-1994<br>\r\nQuê quán: Thái Bình<br>\r\nQuốc gia: Việt Nam<br>\r\nGiải thưởng:<br>\r\n_ Năm 2012 : Bài hát "Cơn Mưa Ngang Qua" đoạt giải tháng trong chương trình Bài Hát Yêu Thích.<br>\r\n_ Năm 2014: Bài hát "Em Của Ngày Hôm Qua" đoạt giải tháng trong chương trình Bài Hát Yêu Thích. Giải thưởng "Diễn viên trẻ triển vọng" tại Cánh Diều Vàng qua bộ phim Chàng Trai Năm Ấy.<br>\r\n_ Năm 2015: Giải Làn Sóng Xanh top 10 nhạc sĩ được yêu thích nhất.<br>\r\nThông tin thêm:<br>\r\nSơn Tùng sớm bị hip-hop hớp hồn giống như bao bạn bè đồng trang lứa. Và với niềm đam mê này, Sơn Tùng quyết tâm khăn gói tới Hà Nội học hỏi thêm về hip-hop. Ngoài khả năng ca hát, Sơn Tùng còn có khả năng sáng tác, chơi piano và vũ đạo tốt. Với hàng loạt các bài hát được giới trẻ yêu thích như "Cơn Mưa Ngang Qua", "Em Của Ngày Hôm Qua", Sơn Tùng nhanh chóng trở thành một "hiện tượng" của Showbiz. <br>\r\nNăm 2014, Sơn Tùng lần đầu chạm ngõ điện ảnh với vai diễn Đình Phong trong bộ phim bom tấn "Chàng Trai Năm Ấy", ngay sau đó vai diễn đã mang lại cho anh giải thưởng "Diễn viên trẻ triển vọng" tại Cánh Diều Vàng 2014. <br>\r\nNăm 2016, Sơn Tùng cho ra mắt ca khúc "Chúng Ta Không Thuộc Về Nhau" và ca khúc này một lần nữa làm khuynh đảo các bảng sếp hạng và truyền thông, tạo nên một loạt những làn sóng trái chiều từ dư luận.'),
(4, 'Mr.Siro', 'image/3339_photo.jpg', 'Tên thật: Vương Quốc Tuân<br>\r\nNghệ danh: Mr.Siro<br>\r\nNickname: Mr Siro<br>\r\nNgày sinh: 18-11-1982<br>\r\nQuê quán: Hồ Chí Minh<br>\r\nQuốc gia: Đang cập nhật<br>\r\nGiải thưởng:<br>\r\nĐang cập nhật<br>\r\nThông tin thêm:<br>\r\nKhởi đầu thành công với ca khúc online "Từ ngày còn đi du học" từ đó sự nghiệp của anh gắn liền với những bài hát trên mạng. Mr Siro đã có sở thích là viết nhạc, thu âm và vô tình được bạn bè đăng tải những ca khúc đó lên mạng. Kể từ đó, anh thường xuyên tham gia các cuộc thi ca hát online.<br>\r\nLà một nhạc sỹ có khả năng tự trình bày những ca khúc do chính anh sáng tác được khán giả đặc biệt yêu thích. Từ năm 2008, Mr. Siro sớm có được những bài hit đầu tay như Em, Melancholy, Mây, Giấc Mơ Của Anh, I miss you từ năm cho đến gần đây (2012, 2013, 2014) Mr. Siro lập HIT liên tục với những sáng tác liên tiếp đứng đầu các bảng xếp hạng trong suốt nhiều tuần liền như Lắng Nghe Nước Mắt, Bức Tranh Từ Nước Mắt, Không Cần Thêm Một Ai Nữa (ft BigDaddy), Em Đã Sai Vì Em Tin (trình bày: Bích Phương). \r\n\r\nNổi tiếng với những hit chất chứa tâm trạng, có một chút gì đó từng trải trong ca từ, những bài hát của anh không chỉ được lòng giới trẻ ngay từ lần nghe đầu tiên mà còn để lại dư âm sâu đậm. Âm nhạc Mr. Siro luôn nhẹ nhàng, nhưng lại da diết và mang cảm giác day dứt, ám ảnh. Năm 2012 anh tự thành lập công ty EGG Production, ngoài việc thành công gần như tất cả những bài hát đứng đầu các bảng xếp hạng lớn.'),
(5, 'JustaTee', 'image/20229817.jpg', 'Tên thật: Nguyễn Thanh Tuấn<br>\r\nNghệ danh: JustaTee<br>\r\nNgày sinh: 01-11-1991<br>\r\nQuê quán: Hà Nội<br>\r\nQuốc gia: Đang cập nhật<br>\r\nGiải thưởng:<br>\r\nĐang cập nhật<br>\r\nThông tin thêm:<br>\r\nJustaTee bắt đầu sáng tác từ năm 2004 với nickname JayTee, sau này được đổi thành JustaTee.\r\nGiai đoạn 2005 - 2008, anh là rapper/Singer/Music producer trong nhóm Click Click Boom - nhóm nhạc rap đa thành viên đầu tiên tại Việt Nam. \r\nNăm 2008, JustaTee bắt đầu đánh dấu sự nghiệp R&B.<br>\r\nNăm 2010, JustaTee cùng Lil'' Knight đồng sáng lập nên LadyKillah với sự điều hành của Mr.J (Jan Saker) làm nên website R&B/Hiphop lớn mạnh nhất hiện nay.\r\n20/08/2010: Ra mắt mini album JUST-A-TEE đánh dấu tên tuổi mình trên nền nhạc R&B của nước nhà. \r\nJustaTee hiện đang là Music Producer của LadyKillah Proz - Nhóm các Rappers/Singers hàng đầu VN như Lil''Knight, Emily, Mr.T, Yanbi,Mr.A, Bueno, Phúc Bồ, TmT, Big Daddy...Hiện nay, ngoài hoạt động nghệ thuật, JustaTee còn đeo đuổi công việc kinh doanh riêng với quán cà phê của riêng anh.\r\nNhững bài hát mang lại tên tuổi JustaTee: Người Lạ Nơi Cuối Đường, Imma HeartBreaker, K Part 2, Không Tin Một Sớm Mai Bình Yên, Call Me The Liar...'),
(6, 'Mỹ Tâm', 'image/166.jpg', 'Tên thật: Phan Thị Mỹ Tâm<br>\r\nNghệ danh: Mỹ Tâm<br>\r\nNickname: họa mi tóc nâu<br>\r\nNgày sinh: 16/01/1981<br>\r\nQuê quán: Đà Nẵng<br>\r\nQuốc gia: Việt Nam<br>\r\nGiải thưởng:<br>\r\n- Tháng 4/1998, Mỹ Tâm đoạt giải nhất hội thi đơn ca quận Tân Bình và quận 6.<br>\r\n- Tháng 11/1998, Mỹ Tâm đoạt giải nhất Giọng ca vàng báo Mực Tím.<br>\r\n- 3 giải Cống hiến cho "Ca Sĩ Của Năm", 1 giải Âm nhạc châu Âu của MTV, 11 lần liên tiếp nhận giải "Ca Sĩ được yêu thích nhất" và 3 năm liên tiếp nhận giải "Gương Mặt Của Năm" của Giải thưởng Làn Sóng Xanh.<br>\r\n- Năm 2014, tại sự kiện Top Asia Corporate Ball 2014 ở Kuala Lumpur, Mỹ Tâm thắng giải "Huyền thoại Âm nhạc châu Á" và là "Nghệ sĩ có album bán chạy nhất lãnh thổ" do Liên đoàn Công nghiệp ghi âm quốc tế (IFPI) công nhận.<br>\r\nThông tin thêm:<br>\r\n- Mỹ Tâm là con út trong một gia đình có tám anh chị em, ngay từ nhỏ cô đã thể hiện mình có khả năng về âm nhạc.<br>\r\n- Từ năm 1997 - 2001, cô học hệ trung cấp chính quy (4 năm) khoa thanh nhạc Nhạc viện Thành phố Hồ Chí Minh và tốt nghiệp thủ khoa.<br>\r\n- Từ 1997 - 1998, Mỹ Tâm tham gia liên tiếp những hội diễn văn nghệ, các cuộc thi giọng hát hay của quận, của thành phố. <br>\r\n- Tháng 01/1999, Mỹ Tâm trở thành ca sĩ độc quyền của Vafaco. Bản thu âm đầu tiên của Tâm được thực hiện dưới sự chỉ đạo của nhạc sĩ Nguyễn Hà. Ca khúc "Nhé Anh" vừa là bài tập thu thanh đầu đời vừa là bài hát đánh dấu một Mỹ Tâm đầy ấn tượng.<br>\r\n- Sau đó, Mỹ Tâm liên tục tung ra các sản phẩm HIT, những show diễn lớn và nhanh chóng trở thành một ngôi sao sáng trong làng âm nhạc Việt Nam. <br>\r\n- Ngoài âm nhạc, Mỹ Tâm còn được biết đến với một thương hiệu thời trang riêng My Time và Mỹ Tâm Foundation là quỹ từ thiện mà Mỹ Tâm Entertainment cùng với các Fan của cô lập nên nhằm giúp đỡ những hoàn cảnh khó khăn, các em nhỏ mồ côi.<br>\r\n* Các đĩa nhạc đã phát hành của Mỹ Tâm:<br>\r\nMãi Yêu (2001)<br>\r\nĐâu Chỉ Riêng Em (2002)<br>\r\nYesterday & Now (2003)<br>\r\nHoàng Hôn Thức Giấc (2005)<br>\r\nDường Như Ta Đã (2006)<br>\r\nVút Bay (2006)<br>\r\nTrở Lại (2008)<br>\r\nNhịp Đập (2008)<br>\r\nMelodies Of Time (2010)<br>\r\nCho Một Tình Yêu (2011)<br>\r\nTâm (2013)<br>\r\n* Các show diễn lớn:<br>\r\nYesterday & Now (Ngày Ấy & Bây Giờ) (2004)<br>\r\nSức Mạnh Của Những Ước Mơ (2005)<br>\r\nSóng Đa Tần (2008)<br>\r\nNhững Giai Điệu Của Thời Gian (2011)<br>\r\nCho Một Tình Yêu (2011)<br>\r\nGởi Tình Yêu Của Em (2013)<br>\r\nHeartbeat (2014)<br>\r\nÔ Cửa Màu Xanh (2016)'),
(7, 'DJ Snake', 'image/12693.jpg', 'Tên thật: Đang cập nhật<br>\r\nNghệ danh: DJ Snake<br>\r\nNgày sinh: Đang cập nhật<br>\r\nQuê quán: Đang cập nhật<br>\r\nQuốc gia: Đang cập nhật<br>\r\nGiải thưởng:<br>\r\nĐang cập nhật'),
(9, 'Quang Lê', 'image/ql.jpg', 'Tên thật:  Đang cập nhật<br>\r\nNghệ danh:  Đang cập nhật<br>\r\nNickname:  Đang cập nhật<br>\r\nNgày sinh:  Đang cập nhật<br>\r\nQuê quán:  Đang cập nhật<br>\r\nQuốc gia:  Đang cập nhật<br>\r\nGiải thưởng: Đang cập nhật<br>'),
(10, 'Châu Khải Phong', 'image/ckp.jpg', 'Tên thật:  Đang cập nhật<br>\r\nNghệ danh:  Đang cập nhật<br>\r\nNickname:  Đang cập nhật<br>\r\nNgày sinh:  Đang cập nhật<br>\r\nQuê quán:  Đang cập nhật<br>\r\nQuốc gia:  Đang cập nhật<br>\r\nGiải thưởng: Đang cập nhật<br>'),
(11, 'Da Lab', 'image/dl.jpg', 'Tên thật:  Đang cập nhật<br>\r\nNghệ danh:  Đang cập nhật<br>\r\nNickname:  Đang cập nhật<br>\r\nNgày sinh:  Đang cập nhật<br>\r\nQuê quán:  Đang cập nhật<br>\r\nQuốc gia:  Đang cập nhật<br>\r\nGiải thưởng: Đang cập nhật<br>'),
(12, 'Đức Phúc', 'image/dp.jpg', 'Tên thật:  Đang cập nhật<br>\r\nNghệ danh:  Đang cập nhật<br>\r\nNickname:  Đang cập nhật<br>\r\nNgày sinh:  Đang cập nhật<br>\r\nQuê quán:  Đang cập nhật<br>\r\nQuốc gia:  Đang cập nhật<br>\r\nGiải thưởng: Đang cập nhật<br>'),
(13, 'Hà Anh Tuấn', 'image/hat.jpg', 'Tên thật:  Đang cập nhật<br>\r\nNghệ danh:  Đang cập nhật<br>\r\nNickname:  Đang cập nhật<br>\r\nNgày sinh:  Đang cập nhật<br>\r\nQuê quán:  Đang cập nhật<br>\r\nQuốc gia:  Đang cập nhật<br>\r\nGiải thưởng: Đang cập nhật<br>'),
(14, 'Hương Tràm', 'image/ht.jpg', 'Tên thật:  Đang cập nhật<br>\r\nNghệ danh:  Đang cập nhật<br>\r\nNickname:  Đang cập nhật<br>\r\nNgày sinh:  Đang cập nhật<br>\r\nQuê quán:  Đang cập nhật<br>\r\nQuốc gia:  Đang cập nhật<br>\r\nGiải thưởng: Đang cập nhật<br>'),
(15, 'Issac', 'image/is.jpg', 'Tên thật:  Đang cập nhật<br>\r\nNghệ danh:  Đang cập nhật<br>\r\nNickname:  Đang cập nhật<br>\r\nNgày sinh:  Đang cập nhật<br>\r\nQuê quán:  Đang cập nhật<br>\r\nQuốc gia:  Đang cập nhật<br>\r\nGiải thưởng: Đang cập nhật<br>'),
(16, 'Tuấn Hưng', 'image/th.jpg', 'Tên thật:  Đang cập nhật<br>\r\nNghệ danh:  Đang cập nhật<br>\r\nNickname:  Đang cập nhật<br>\r\nNgày sinh:  Đang cập nhật<br>\r\nQuê quán:  Đang cập nhật<br>\r\nQuốc gia:  Đang cập nhật<br>\r\nGiải thưởng: Đang cập nhật<br>'),
(17, 'Soobin Hoàng Sơn', 'image/sb.jpg', 'Tên thật:  Đang cập nhật<br>\r\nNghệ danh:  Đang cập nhật<br>\r\nNickname:  Đang cập nhật<br>\r\nNgày sinh:  Đang cập nhật<br>\r\nQuê quán:  Đang cập nhật<br>\r\nQuốc gia:  Đang cập nhật<br>\r\nGiải thưởng: Đang cập nhật<br>'),
(18, 'Đang Cập Nhật', 'image/avatar.png', 'Tên thật:  Đang cập nhật<br>\r\nNghệ danh:  Đang cập nhật<br>\r\nNickname:  Đang cập nhật<br>\r\nNgày sinh:  Đang cập nhật<br>\r\nQuê quán:  Đang cập nhật<br>\r\nQuốc gia:  Đang cập nhật<br>\r\nGiải thưởng: Đang cập nhật<br>');

-- 
-- Dumping data for table carousel
--
INSERT INTO carousel VALUES
(3, 'Mới', 'image/3333.jpg'),
(4, 'New', 'image/3357.jpg'),
(5, 'Nghe nhạc', 'image/3170.jpg'),
(7, 'Hot 2019', 'image/3354.jpg');

-- 
-- Dumping data for table album
--
INSERT INTO album VALUES
(2, 'Tổng hợp', 'image/281235.jpg'),
(3, 'New Year Party 2019', 'image/24283563.jpg'),
(4, 'Những Bài Hát Nghe Khi Đi Phượt', 'image/19884928.jpg'),
(5, 'Mình Sẽ Mạnh Mẽ Yêu Nhau', 'image/20942104.jpg'),
(6, 'Người Lạ Ơi Người Lạ', 'image/22143245.jpg'),
(7, 'Halloween Party 2018', 'image/23866955.jpg'),
(8, 'Nhạc Nhẹ Cho Quán Cafe', 'image/2.jpg'),
(9, 'Chuyện Tình Của Mùa Đông', 'image/3.jpg'),
(10, 'Một Chút Hoài Niệm Của Thanh Xuân', 'image/5.jpg'),
(11, 'Tuyển Tập Những Bài Hát Bất Hủ', 'image/a2.jpg'),
(12, 'Mùa Đông Cô Đơn', 'image/6.jpg'),
(13, 'Anh Chưa Từng Yêu', 'image/9.jpg'),
(14, 'Đánh Thức Màn Đêm', 'image/4.jpg'),
(15, 'Crush À ! Em Yêu Anh', 'image/7.jpg'),
(16, 'Mùa Đông Của Anh', 'image/1.jpg'),
(17, 'Âm Nhạc Cuối Ngày', 'image/10.jpg');

-- 
-- Restore previous SQL mode
-- 
/*!40101 SET SQL_MODE=@OLD_SQL_MODE */;

-- 
-- Enable foreign keys
-- 
/*!40014 SET FOREIGN_KEY_CHECKS = @OLD_FOREIGN_KEY_CHECKS */;